Order ID,Customer Email,Region,Order Date,MRP,Landing Cost,Status
ORD01000,linus330@example.com,north,2026-10-28,271,241,Paid
ORD01001,ken6@example.com,,10/10/2026,401,303,Paid
ORD01002,ada353@example.com,East,2026-10-14,2194,1669,Paid
ORD01003,ada166@example.com,South,12/10/2026,2342,1645,Pending
ORD01004,grace94@example.com,east,2026-10-12,1647,1092,Pending
ORD01005,tim364@example.com,East,2026-10-23,2465,2208,Refunded
ORD01006,radia146@example.com,south,2026-10-01,640,436,Pending
ORD01007,alan387@example.com,,2026-10-16,333,203,Refunded
ORD01008,grace397@example.com,East,2026-10-16,1114,900,Paid
ORD01009,barbara248@example.com,West,2026-10-10,1770,1098,Pending
ORD01010,radia6@example.com,north,2026-10-26,2436,1485,Pending
ORD01011,ada126@example.com,,2026-10-01,2703,2411,Refunded
ORD01012,barbara102@example.com,North,2026-10-14,2142,1667,Paid
ORD01013,ada219@example.com,,2026-10-08,704,455,Refunded
ORD01014,linus10@example.com,south,2026-10-24,1920,1580,Pending
ORD01015,tim338@example.com,east,2026-10-05,281,174,Paid
ORD01016,ken49@example.com,West,2026-10-24,1342,1159,Paid
ORD01017,linus124@example.com,East,02/10/2026,601,486,Paid
ORD01018,barbara381@example.com,,2026-10-17,2790,1902,Paid
ORD01019,linus214@example.com,,2026-10-10,1272,1081,Paid
ORD01020,alan314@example.com,South,2026-10-12,1346,821,Paid
ORD01021,radia153@example.com,North,2026-10-05,2563,1923,Pending
ORD01022,dennis330@example.com,south,28/10/2026,2488,1881,Paid
ORD01023,grace31@example.com,East,2026-10-21,680,511,Pending
ORD01024,grace24@example.com,West,2026-10-13,1193,796,Paid
ORD01025,ken160@example.com,West,10/10/2026,1738,1209,Refunded
ORD01026,grace49@example.com,East,24/10/2026,1963,1361,Paid
ORD01027,ken160@example.com,north,2026-10-16,2677,2312,Refunded
ORD01028,alan23@example.com,west,2026-10-05,200,164,Paid
ORD01029,alan43@example.com,East,2026-10-12,748,653,Paid
ORD01030,radia313@example.com,South,2026-10-07,1030,768,Paid
ORD01031,radia122@example.com,North,24/10/2026,532,400,Paid
ORD01032,tim155@example.com,,2026-10-20,2095,1784,Pending
ORD01033,barbara120@example.com,East,2026-10-08,2692,2167,Pending
ORD01034,ada120@example.com,,2026-10-01,570,510,Paid
ORD01035,dennis172@example.com,West,2026-10-17,2398,2061,Paid
ORD01036,barbara58@example.com,East,13/10/2026,2323,1592,Refunded
ORD01037,barbara206@example.com,North,2026-10-27,2649,1719,Refunded
ORD01038,grace121@example.com,East,2026-10-17,299,241,Pending
ORD01039,ada287@example.com,north,2026-10-14,169,131,Paid
ORD01040,alan6@example.com,,2026-10-14,1977,1465,Paid
ORD01041,tim134@example.com,,2026-10-02,633,442,Paid
ORD01042,radia130@example.com,East,2026-10-05,1917,1164,Paid
ORD01043,barbara197@example.com,West,2026-10-02,670,574,Refunded
ORD01044,radia319@example.com,north,2026-10-27,111,78,Paid
ORD01045,dennis82@example.com,South,2026-10-10,2191,1319,Paid
ORD01046,radia47@example.com,East,26/10/2026,1570,1259,Pending
ORD01047,dennis8@example.com,East,28/10/2026,1442,1207,Refunded
ORD01048,ada204@example.com,north,2026-10-01,622,448,Paid
ORD01049,ken172@example.com,West,2026-10-01,2654,1705,Paid
ORD01050,tim149@example.com,west,2026-10-15,576,420,Paid
ORD01051,dennis17@example.com,East,02/10/2026,1469,1310,Paid
ORD01052,linus395@example.com,East,02/10/2026,2649,1822,Paid
ORD01053,linus237@example.com,South,2026-10-05,1267,1080,Pending
ORD01054,ken167@example.com,East,2026-10-27,1677,1460,Pending
ORD01055,barbara374@example.com,North,2026-10-17,2588,2256,Paid
ORD01056,linus76@example.com,,27/10/2026,473,366,Paid
ORD01057,ken94@example.com,North,2026-10-18,2964,1834,Paid
ORD01058,ada338@example.com,South,2026-10-16,593,414,Refunded
ORD01059,ada226@example.com,South,2026-10-04,160,105,Pending
ORD01060,ada223@example.com,South,2026-10-25,942,782,Paid
ORD01061,ada281@example.com,,2026-10-22,1283,1127,Paid
ORD01062,alan86@example.com,north,2026-10-02,1606,1289,Paid
ORD01063,tim44@example.com,North,2026-10-25,1353,981,Paid
ORD01064,tim389@example.com,West,2026-10-05,1111,682,Pending
ORD01065,tim51@example.com,,2026-10-21,1504,1191,Paid
ORD01066,radia165@example.com,,2026-10-06,2054,1588,Paid
ORD01067,linus26@example.com,,2026-10-22,2685,2350,Pending
ORD01068,ada69@example.com,West,2026-10-24,823,515,Refunded
ORD01069,margaret156@example.com,North,2026-10-04,326,276,Paid
ORD01070,ken230@example.com,,2026-10-13,1017,723,Refunded
ORD01071,linus332@example.com,South,2026-10-09,967,762,Paid
ORD01072,ken385@example.com,South,2026-10-05,1044,759,Paid
ORD01073,margaret192@example.com,West,2026-10-25,2075,1410,Pending
ORD01074,alan134@example.com,north,2026-10-18,244,216,Paid
ORD01075,alan158@example.com,South,2026-10-28,2201,1838,Paid
ORD01076,dennis106@example.com,,2026-10-04,2623,2077,Paid
ORD01077,alan14@example.com,West,2026-10-26,956,811,Paid
ORD01078,radia346@example.com,,2026-10-21,2545,2098,Paid
ORD01079,tim270@example.com,West,12/10/2026,739,484,Refunded
ORD01080,dennis224@example.com,West,2026-10-07,2318,1546,Paid
ORD01081,ada179@example.com,East,2026-10-16,2257,1483,Paid
ORD01082,grace182@example.com,,2026-10-13,2601,1752,Paid
ORD01083,barbara390@example.com,North,2026-10-10,681,612,Paid
ORD01084,radia385@example.com,east,2026-10-28,2840,1972,Paid
ORD01085,linus23@example.com,North,2026-10-27,2796,2147,Paid
ORD01086,tim278@example.com,East,2026-10-26,908,668,Paid
ORD01087,dennis280@example.com,North,2026-10-22,2419,1846,Refunded
ORD01088,grace290@example.com,South,2026-10-18,938,723,Refunded
ORD01089,alan89@example.com,North,2026-10-05,655,570,Refunded
ORD01090,margaret149@example.com,West,2026-10-23,1541,1201,Paid
ORD01091,barbara329@example.com,West,15/10/2026,559,397,Refunded
ORD01092,margaret217@example.com,,2026-10-21,2588,2104,Refunded
ORD01093,ada68@example.com,,2026-10-05,499,327,Paid
ORD01094,ken130@example.com,South,2026-10-20,2079,1836,Paid
ORD01095,linus166@example.com,,2026-10-13,1671,1500,Pending
ORD01096,linus377@example.com,,05/10/2026,1912,1500,Paid
ORD01097,ken148@example.com,East,2026-10-15,2464,1520,Paid
ORD01098,margaret240@example.com,West,16/10/2026,1202,848,Pending
ORD01099,ada315@example.com,,04/10/2026,1749,1267,Paid
ORD01100,margaret312@example.com,,2026-10-22,2000,1257,Refunded
ORD01101,dennis213@example.com,South,2026-10-01,1613,1093,Paid
ORD01102,ken377@example.com,West,2026-10-23,2844,2314,Paid
ORD01103,tim197@example.com,North,2026-10-14,2525,1922,Paid
ORD01104,dennis389@example.com,,2026-10-21,2570,1750,Paid
ORD01105,margaret306@example.com,south,2026-10-12,1803,1509,Pending
ORD01106,barbara333@example.com,north,2026-10-04,1766,1174,Refunded
ORD01107,linus378@example.com,North,2026-10-28,1284,912,Paid
ORD01108,ada224@example.com,,2026-10-19,1681,1305,Paid
ORD01109,ken236@example.com,West,04/10/2026,2912,1772,Pending
ORD01110,tim122@example.com,North,23/10/2026,397,322,Paid
ORD01111,linus55@example.com,West,2026-10-28,1665,1226,Paid
ORD01112,linus259@example.com,,2026-10-04,1725,1356,Paid
ORD01648,margaret325@example.com,West,2026-10-22,914,658,Paid
ORD01113,grace222@example.com,East,2026-10-27,1782,1152,Paid
ORD01114,dennis294@example.com,West,2026-10-26,1857,1364,Paid
ORD01115,barbara238@example.com,north,05/10/2026,338,251,Paid
ORD01116,dennis324@example.com,,2026-10-02,2358,2026,Refunded
ORD01117,margaret97@example.com,West,2026-10-12,381,238,Refunded
ORD01118,grace286@example.com,East,2026-10-04,1345,1109,Paid
ORD01119,ken119@example.com,North,2026-10-21,2140,1648,Paid
ORD01120,tim235@example.com,,2026-10-06,1667,1017,Paid
ORD01121,grace31@example.com,South,2026-10-04,882,560,Paid
ORD01122,barbara221@example.com,,2026-10-20,963,664,Paid
ORD01123,ada91@example.com,North,2026-10-25,396,274,Paid
ORD01124,dennis109@example.com,South,2026-10-23,1418,1176,Pending
ORD01125,alan85@example.com,South,21/10/2026,899,723,Pending
ORD01126,linus35@example.com,north,2026-10-25,1823,1124,Paid
ORD01127,linus155@example.com,East,18/10/2026,2669,2111,Paid
ORD01128,ken387@example.com,North,2026-10-26,2496,2142,Pending
ORD01129,barbara16@example.com,north,17/10/2026,1499,985,Paid
ORD01130,grace102@example.com,West,2026-10-11,1451,1228,Pending
ORD01131,barbara206@example.com,south,2026-10-05,2415,2037,Paid
ORD01132,barbara104@example.com,North,2026-10-28,1587,1415,Paid
ORD01133,linus287@example.com,,2026-10-27,153,121,Pending
ORD01134,alan179@example.com,,2026-10-08,2488,1808,Paid
ORD01135,dennis93@example.com,west,2026-10-13,2676,2291,Pending
ORD01136,radia369@example.com,East,2026-10-11,678,435,Paid
ORD01137,grace77@example.com,,2026-10-24,1821,1603,Paid
ORD01138,dennis306@example.com,west,2026-10-04,891,669,Paid
ORD01139,alan44@example.com,East,2026-10-06,690,478,Pending
ORD01140,dennis72@example.com,East,2026-10-23,2868,2112,Paid
ORD01141,ken334@example.com,North,28/10/2026,1924,1496,Pending
ORD01142,dennis333@example.com,,05/10/2026,1925,1442,Refunded
ORD01143,ada141@example.com,west,23/10/2026,173,123,Pending
ORD01144,alan202@example.com,,2026-10-25,843,565,Pending
ORD01145,tim274@example.com,North,2026-10-21,1729,1094,Refunded
ORD01146,linus344@example.com,South,27/10/2026,439,368,Paid
ORD01147,grace392@example.com,north,2026-10-10,479,331,Paid
ORD01072,ken385@example.com,South,2026-10-05,1044,759,Paid
ORD01148,tim113@example.com,East,2026-10-12,1122,808,Paid
ORD01149,alan258@example.com,,2026-10-18,887,712,Pending
ORD01150,tim397@example.com,,2026-10-04,2628,2043,Pending
ORD01151,ken160@example.com,,2026-10-10,2785,2070,Paid
ORD01152,grace193@example.com,North,2026-10-16,1566,971,Paid
ORD01153,linus71@example.com,East,2026-10-02,1672,1066,Refunded
ORD01154,radia301@example.com,,11/10/2026,2733,1958,Pending
ORD01155,tim370@example.com,South,2026-10-24,935,687,Pending
ORD01156,ada133@example.com,north,2026-10-26,400,241,Paid
ORD01157,ada107@example.com,West,2026-10-16,240,208,Paid
ORD01158,tim205@example.com,East,2026-10-15,2973,1960,Paid
ORD01159,dennis45@example.com,,2026-10-10,2474,1650,Paid
ORD01160,tim21@example.com,East,2026-10-11,263,204,Refunded
ORD01161,linus66@example.com,North,2026-10-15,1631,1244,Paid
ORD01162,ken2@example.com,South,2026-10-15,2369,1983,Paid
ORD01163,tim130@example.com,,2026-10-02,434,314,Paid
ORD01164,linus259@example.com,,2026-10-04,751,509,Paid
ORD01165,linus146@example.com,West,2026-10-15,2857,2245,Refunded
ORD01166,ada227@example.com,South,2026-10-23,1010,752,Paid
ORD01167,linus153@example.com,East,2026-10-02,2196,1355,Paid
ORD01168,alan272@example.com,west,2026-10-11,1885,1485,Pending
ORD01169,linus367@example.com,East,26/10/2026,1517,980,Refunded
ORD01170,ada350@example.com,East,2026-10-13,248,155,Paid
ORD01171,dennis287@example.com,North,2026-10-21,2172,1443,Refunded
ORD01172,linus386@example.com,,2026-10-23,2560,2205,Pending
ORD01173,tim125@example.com,,2026-10-12,2329,1885,Pending
ORD01174,margaret327@example.com,north,2026-10-09,1152,820,Pending
ORD01175,alan328@example.com,East,2026-10-21,1882,1342,Pending
ORD01176,grace63@example.com,,2026-10-02,1302,795,Paid
ORD01177,grace175@example.com,,2026-10-06,1071,812,Paid
ORD01178,margaret232@example.com,East,2026-10-08,2280,1572,Refunded
ORD01179,grace351@example.com,,2026-10-28,2553,2265,Paid
ORD01180,radia21@example.com,,2026-10-23,1868,1250,Refunded
ORD01181,radia235@example.com,West,2026-10-20,1192,968,Paid
ORD01009,barbara248@example.com,West,2026-10-10,1770,1098,Pending
ORD01182,margaret270@example.com,South,2026-10-05,2048,1603,Paid
ORD01183,tim196@example.com,West,2026-10-26,547,469,Paid
ORD01184,ada367@example.com,East,2026-10-27,985,860,Paid
ORD01185,alan104@example.com,south,13/10/2026,2324,1503,Refunded
ORD01186,margaret274@example.com,,2026-10-22,810,613,Pending
ORD01187,dennis365@example.com,,2026-10-16,2167,1311,Paid
ORD01188,alan302@example.com,,2026-10-25,1141,940,Paid
ORD01189,barbara208@example.com,north,2026-10-02,2165,1635,Refunded
ORD01190,dennis30@example.com,South,2026-10-14,682,565,Refunded
ORD01191,ken40@example.com,North,2026-10-14,428,350,Pending
ORD01192,tim26@example.com,West,2026-10-07,2345,2082,Pending
ORD01193,radia19@example.com,south,2026-10-17,2588,1800,Paid
ORD01194,linus206@example.com,north,2026-10-23,748,504,Pending
ORD01195,tim33@example.com,,18/10/2026,1393,898,Refunded
ORD01196,dennis218@example.com,East,2026-10-04,353,254,Pending
ORD01197,grace224@example.com,west,05/10/2026,2509,1708,Pending
ORD01198,alan379@example.com,North,2026-10-04,374,275,Paid
ORD01199,ken185@example.com,North,2026-10-02,1898,1337,Refunded
ORD01200,barbara37@example.com,north,2026-10-12,1344,1204,Refunded
ORD01201,dennis348@example.com,East,2026-10-10,1616,1068,Pending
ORD01202,tim136@example.com,north,2026-10-11,2651,2259,Pending
ORD01203,ada71@example.com,West,2026-10-07,152,134,Pending
ORD01204,dennis90@example.com,South,2026-10-20,656,442,Paid
ORD01205,tim259@example.com,West,2026-10-03,2969,2541,Pending
ORD01206,radia7@example.com,north,2026-10-24,2810,2134,Refunded
ORD01207,radia17@example.com,west,2026-10-18,1884,1417,Refunded
ORD01208,radia224@example.com,East,2026-10-22,1263,1028,Paid
ORD01209,tim175@example.com,,2026-10-19,2021,1509,Paid
ORD01210,barbara369@example.com,West,2026-10-06,1052,857,Paid
ORD01211,ken287@example.com,east,2026-10-03,2715,2228,Refunded
ORD01212,radia6@example.com,,2026-10-03,1125,773,Paid
ORD01213,ken96@example.com,North,2026-10-01,1228,824,Pending
ORD01214,alan78@example.com,west,2026-10-16,1434,1131,Pending
ORD01215,ken18@example.com,west,2026-10-13,295,212,Paid
ORD01216,tim81@example.com,,03/10/2026,181,125,Paid
ORD01217,linus10@example.com,,2026-10-04,2381,1556,Paid
ORD01218,ada242@example.com,west,2026-10-12,1095,903,Paid
ORD01219,tim2@example.com,North,2026-10-01,135,94,Paid
ORD01220,alan85@example.com,east,2026-10-04,1277,876,Paid
ORD01221,tim75@example.com,West,2026-10-19,706,560,Pending
ORD01222,alan194@example.com,East,04/10/2026,2701,1900,Paid
ORD01223,dennis105@example.com,South,2026-10-12,2351,1491,Pending
ORD01224,linus208@example.com,west,2026-10-27,648,431,Paid
ORD01225,margaret287@example.com,West,2026-10-14,1412,1051,Pending
ORD01226,radia12@example.com,North,2026-10-13,328,284,Paid
ORD01227,tim221@example.com,East,2026-10-26,1794,1504,Pending
ORD01228,radia399@example.com,South,2026-10-21,1399,1075,Paid
ORD01229,ada363@example.com,,02/10/2026,1745,1105,Paid
ORD01230,dennis248@example.com,North,2026-10-19,2135,1608,Paid
ORD01231,ken65@example.com,South,2026-10-16,717,585,Refunded
ORD01232,barbara131@example.com,North,2026-10-11,2139,1841,Pending
ORD01233,alan388@example.com,East,2026-10-09,1003,875,Pending
ORD01234,linus320@example.com,south,2026-10-18,2483,2213,Refunded
ORD01235,radia31@example.com,West,2026-10-12,2894,2562,Refunded
ORD01236,dennis3@example.com,North,2026-10-26,501,340,Paid
ORD01237,grace239@example.com,North,2026-10-20,466,298,Pending
ORD01238,ada25@example.com,east,2026-10-05,1139,789,Refunded
ORD01239,ken68@example.com,South,2026-10-16,2958,2090,Paid
ORD01240,ada213@example.com,East,2026-10-11,575,370,Refunded
ORD01241,ada355@example.com,North,03/10/2026,1238,779,Paid
ORD01242,linus353@example.com,,2026-10-25,1250,789,Pending
ORD01243,margaret223@example.com,West,09/10/2026,2598,1773,Refunded
ORD01244,tim263@example.com,West,2026-10-24,1795,1532,Paid
ORD01245,ada150@example.com,south,21/10/2026,384,306,Refunded
ORD01246,dennis289@example.com,South,2026-10-24,1203,999,Refunded
ORD01247,dennis193@example.com,,16/10/2026,728,547,Pending
ORD01248,grace356@example.com,East,21/10/2026,578,350,Paid
ORD01249,ada58@example.com,North,2026-10-12,473,391,Paid
ORD01250,alan253@example.com,East,2026-10-11,617,374,Paid
ORD01251,radia319@example.com,,2026-10-01,2701,2279,Paid
ORD01252,ada294@example.com,west,2026-10-09,502,348,Paid
ORD01253,dennis353@example.com,North,06/10/2026,487,422,Refunded
ORD01254,ada115@example.com,North,2026-10-17,1794,1472,Paid
ORD01255,radia139@example.com,west,2026-10-04,1978,1586,Paid
ORD01256,ada265@example.com,North,2026-10-01,2932,2411,Refunded
ORD01257,radia26@example.com,East,2026-10-23,1611,1041,Paid
ORD01258,margaret266@example.com,West,2026-10-08,2409,1855,Paid
ORD01259,barbara142@example.com,South,2026-10-28,2708,1809,Paid
ORD01260,margaret1@example.com,South,2026-10-28,2420,1624,Paid
ORD01261,alan221@example.com,West,2026-10-09,1776,1312,Pending
ORD01262,margaret82@example.com,north,2026-10-05,2390,2073,Paid
ORD01263,dennis399@example.com,,2026-10-15,1835,1133,Refunded
ORD01264,barbara311@example.com,West,2026-10-21,686,576,Paid
ORD01265,ada193@example.com,East,2026-10-20,2993,2669,Refunded
ORD01266,margaret327@example.com,,2026-10-07,2785,1705,Paid
ORD01267,linus236@example.com,South,2026-10-04,2355,2056,Refunded
ORD01268,margaret157@example.com,west,2026-10-05,778,543,Refunded
ORD01269,ada189@example.com,West,2026-10-04,1240,1086,Pending
ORD01270,ken67@example.com,,2026-10-13,1152,893,Paid
ORD01271,alan136@example.com,East,2026-10-23,1240,1045,Paid
ORD01272,linus60@example.com,east,11/10/2026,1430,1042,Paid
ORD01273,margaret140@example.com,South,2026-10-27,2205,1830,Pending
ORD01274,dennis241@example.com,,2026-10-07,2141,1903,Refunded
ORD01275,margaret262@example.com,South,2026-10-16,1409,880,Refunded
ORD01276,tim152@example.com,West,2026-10-21,2209,1872,Pending
ORD01277,ken358@example.com,East,13/10/2026,684,457,Refunded
ORD01278,ken74@example.com,North,2026-10-27,2910,2402,Refunded
ORD01279,linus30@example.com,South,2026-10-12,2566,1773,Paid
ORD01280,margaret24@example.com,West,2026-10-04,390,343,Refunded
ORD01281,margaret395@example.com,east,2026-10-28,1313,854,Refunded
ORD01282,ada252@example.com,north,02/10/2026,277,224,Paid
ORD01283,tim308@example.com,South,2026-10-09,2464,1906,Paid
ORD01284,radia124@example.com,west,2026-10-25,1885,1650,Paid
ORD01285,barbara196@example.com,East,2026-10-28,2211,1497,Paid
ORD01286,linus376@example.com,North,2026-10-02,2197,1358,Paid
ORD01287,tim235@example.com,East,2026-10-09,565,375,Paid
ORD01288,linus212@example.com,East,2026-10-14,1094,659,Refunded
ORD01289,ken344@example.com,East,2026-10-16,2294,2019,Paid
ORD01290,dennis59@example.com,North,27/10/2026,1485,1004,Pending
ORD01291,ken120@example.com,,2026-10-03,839,593,Paid
ORD01292,radia80@example.com,North,2026-10-19,749,516,Paid
ORD01293,ken67@example.com,West,28/10/2026,151,97,Paid
ORD01294,tim371@example.com,,2026-10-15,1703,1162,Pending
ORD01295,tim169@example.com,North,2026-10-04,2129,1573,Paid
ORD01296,ken19@example.com,East,2026-10-10,1552,1102,Refunded
ORD01297,margaret225@example.com,,18/10/2026,2746,2264,Refunded
ORD01298,ken242@example.com,south,2026-10-11,2044,1687,Paid
ORD01299,tim301@example.com,North,2026-10-08,1952,1708,Pending
ORD01300,tim87@example.com,south,2026-10-08,1144,900,Paid
ORD01301,ada236@example.com,East,23/10/2026,231,196,Paid
ORD01302,linus113@example.com,west,2026-10-06,1901,1282,Paid
ORD01303,ada11@example.com,South,2026-10-22,2292,1608,Paid
ORD01304,radia390@example.com,west,2026-10-20,587,411,Pending
ORD01305,alan142@example.com,,2026-10-21,994,769,Pending
ORD01306,dennis88@example.com,West,2026-10-22,2723,2341,Refunded
ORD01307,dennis277@example.com,east,2026-10-01,1645,1413,Paid
ORD01308,linus71@example.com,East,14/10/2026,1473,1177,Refunded
ORD01309,tim338@example.com,,2026-10-24,648,546,Paid
ORD01310,margaret108@example.com,,2026-10-15,1726,1545,Paid
ORD01311,barbara68@example.com,south,2026-10-14,1003,824,Pending
ORD01312,barbara177@example.com,north,2026-10-01,844,757,Refunded
ORD01313,alan341@example.com,,15/10/2026,962,852,Refunded
ORD01314,linus257@example.com,East,13/10/2026,632,476,Refunded
ORD01315,alan329@example.com,East,2026-10-13,2358,1534,Paid
ORD01316,alan280@example.com,west,2026-10-17,1960,1364,Pending
ORD01317,radia286@example.com,East,2026-10-27,2819,2341,Paid
ORD01318,dennis186@example.com,south,2026-10-05,399,320,Paid
ORD01319,dennis95@example.com,East,2026-10-03,2419,1955,Paid
ORD01320,barbara263@example.com,North,2026-10-17,2279,1760,Pending
ORD01321,ken349@example.com,West,2026-10-02,1508,934,Paid
ORD01322,ken294@example.com,East,28/10/2026,2437,1499,Pending
ORD01323,radia179@example.com,North,2026-10-17,333,210,Paid
ORD01324,grace75@example.com,North,12/10/2026,661,446,Pending
ORD01325,linus303@example.com,East,2026-10-02,1513,1265,Refunded
ORD01326,alan309@example.com,East,21/10/2026,1766,1402,Refunded
ORD01327,ken9@example.com,west,2026-10-21,2692,2112,Paid
ORD01328,grace111@example.com,south,06/10/2026,2277,1380,Paid
ORD01329,radia59@example.com,South,2026-10-16,699,558,Pending
ORD01330,barbara355@example.com,South,2026-10-15,1982,1462,Paid
ORD01331,dennis317@example.com,West,2026-10-06,2371,2011,Paid
ORD01332,ken283@example.com,South,2026-10-27,1708,1445,Refunded
ORD01333,linus37@example.com,west,2026-10-23,820,516,Refunded
ORD01334,grace378@example.com,east,2026-10-10,1935,1565,Refunded
ORD01335,margaret66@example.com,East,2026-10-12,2708,2171,Refunded
ORD01336,alan373@example.com,,10/10/2026,1549,1068,Pending
ORD01337,margaret239@example.com,west,2026-10-10,564,497,Pending
ORD01338,margaret75@example.com,,2026-10-03,1294,994,Paid
ORD01339,ken173@example.com,east,2026-10-21,2679,1822,Paid
ORD01340,barbara90@example.com,North,21/10/2026,839,650,Pending
ORD01341,tim367@example.com,North,05/10/2026,1301,1041,Paid
ORD01342,alan318@example.com,west,19/10/2026,2692,1854,Paid
ORD01343,dennis177@example.com,south,2026-10-17,1257,881,Paid
ORD01344,radia6@example.com,West,2026-10-16,1614,973,Refunded
ORD01345,linus376@example.com,west,04/10/2026,1738,1161,Paid
ORD01346,barbara364@example.com,West,2026-10-01,1944,1728,Paid
ORD01347,tim99@example.com,east,2026-10-20,2484,1843,Paid
ORD01348,linus99@example.com,,2026-10-17,1794,1567,Pending
ORD01349,ada344@example.com,North,2026-10-24,993,767,Paid
ORD01350,ada28@example.com,west,2026-10-23,546,346,Refunded
ORD01351,dennis349@example.com,North,2026-10-18,2617,2170,Paid
ORD01352,dennis142@example.com,,2026-10-19,2753,1934,Paid
ORD01353,grace130@example.com,North,2026-10-16,191,151,Pending
ORD01354,ada97@example.com,,2026-10-11,1689,1447,Paid
ORD01355,grace315@example.com,south,2026-10-12,1179,1037,Refunded
ORD01356,linus62@example.com,East,10/10/2026,1251,1067,Paid
ORD01357,ken140@example.com,East,2026-10-26,2590,2111,Paid
ORD01358,margaret370@example.com,North,2026-10-09,2502,1993,Pending
ORD01359,dennis72@example.com,North,2026-10-03,1830,1551,Paid
ORD01360,dennis220@example.com,,2026-10-15,2654,2013,Refunded
ORD01361,ken94@example.com,,2026-10-07,1082,954,Pending
ORD01362,grace110@example.com,south,2026-10-10,556,480,Paid
ORD01363,margaret28@example.com,South,22/10/2026,2160,1455,Paid
ORD01364,ken66@example.com,north,2026-10-27,1068,684,Paid
ORD01365,dennis393@example.com,West,2026-10-04,236,212,Paid
ORD01366,ken152@example.com,North,28/10/2026,660,452,Paid
ORD01367,ada144@example.com,North,2026-10-12,2435,1940,Pending
ORD01368,dennis315@example.com,East,11/10/2026,942,780,Paid
ORD01369,alan330@example.com,west,2026-10-17,412,314,Paid
ORD01370,alan149@example.com,West,2026-10-26,2424,1968,Paid
ORD01371,margaret103@example.com,,2026-10-01,2814,2047,Paid
ORD01372,barbara306@example.com,North,03/10/2026,301,265,Paid
ORD01373,dennis258@example.com,west,07/10/2026,2905,1819,Paid
ORD01374,tim31@example.com,north,2026-10-17,651,533,Paid
ORD01375,grace258@example.com,North,2026-10-07,2800,2177,Pending
ORD01376,dennis51@example.com,,28/10/2026,2459,1969,Paid
ORD01377,grace225@example.com,North,2026-10-11,1472,1270,Paid
ORD01378,barbara272@example.com,West,2026-10-18,2083,1794,Pending
ORD01379,barbara2@example.com,west,2026-10-15,130,106,Refunded
ORD01380,ken76@example.com,South,2026-10-01,295,188,Pending
ORD01381,dennis389@example.com,South,26/10/2026,2406,1921,Paid
ORD01382,radia133@example.com,East,19/10/2026,1478,938,Paid
ORD01383,radia113@example.com,West,2026-10-26,747,469,Paid
ORD01384,tim168@example.com,east,27/10/2026,357,309,Paid
ORD01385,ada208@example.com,,2026-10-18,563,436,Paid
ORD01386,barbara82@example.com,south,09/10/2026,2942,1954,Paid
ORD01387,dennis223@example.com,South,2026-10-08,1559,967,Paid
ORD01388,radia177@example.com,North,04/10/2026,2873,1929,Paid
ORD01389,grace27@example.com,North,2026-10-24,2493,1521,Paid
ORD01390,linus393@example.com,,2026-10-17,1199,892,Paid
ORD01391,barbara332@example.com,east,2026-10-05,1715,1037,Paid
ORD01392,grace112@example.com,West,2026-10-10,107,69,Pending
ORD01393,alan113@example.com,North,2026-10-17,394,253,Pending
ORD01394,alan241@example.com,west,25/10/2026,419,334,Paid
ORD01395,grace98@example.com,south,2026-10-05,1265,1132,Paid
ORD01396,alan153@example.com,east,2026-10-03,1654,1233,Paid
ORD01397,barbara84@example.com,west,2026-10-14,1834,1119,Paid
ORD01398,margaret154@example.com,,23/10/2026,2745,1703,Paid
ORD01399,barbara181@example.com,,14/10/2026,2551,1685,Paid
ORD01400,grace58@example.com,South,2026-10-07,515,444,Refunded
ORD01401,ada319@example.com,West,2026-10-03,907,579,Paid
ORD01402,dennis354@example.com,North,2026-10-01,1855,1626,Paid
ORD01403,grace263@example.com,east,15/10/2026,536,442,Pending
ORD01404,ada343@example.com,north,2026-10-19,1446,1042,Pending
ORD01405,margaret79@example.com,,2026-10-27,592,395,Refunded
ORD01406,dennis172@example.com,South,2026-10-16,276,197,Paid
ORD01407,ada98@example.com,,2026-10-17,671,448,Paid
ORD01408,tim190@example.com,south,2026-10-23,1565,1074,Paid
ORD01409,linus71@example.com,South,2026-10-16,1866,1598,Paid
ORD01410,alan74@example.com,East,2026-10-18,2251,1935,Refunded
ORD01411,grace46@example.com,North,2026-10-17,1380,1227,Refunded
ORD01412,ken319@example.com,South,2026-10-26,1865,1467,Paid
ORD01413,margaret312@example.com,south,2026-10-10,2571,2003,Pending
ORD01414,radia81@example.com,West,2026-10-14,1899,1422,Refunded
ORD01415,ada238@example.com,north,2026-10-24,411,338,Paid
ORD01416,grace261@example.com,north,2026-10-05,1383,1119,Paid
ORD01417,alan23@example.com,South,2026-10-26,821,575,Paid
ORD01418,alan96@example.com,north,05/10/2026,2965,1780,Pending
ORD01419,radia264@example.com,south,2026-10-28,1764,1250,Pending
ORD01420,tim399@example.com,,2026-10-20,301,247,Paid
ORD01421,grace304@example.com,,2026-10-01,2974,2664,Paid
ORD01422,ada88@example.com,east,2026-10-07,2010,1577,Paid
ORD01423,ada193@example.com,,2026-10-02,389,286,Pending
ORD01726,linus377@example.com,East,2026-10-21,1714,1269,Refunded
ORD01424,barbara314@example.com,west,2026-10-07,1403,976,Paid
ORD01425,linus64@example.com,south,2026-10-17,1232,888,Paid
ORD01426,ken156@example.com,,2026-10-08,2830,2361,Paid
ORD01427,barbara54@example.com,,24/10/2026,1487,1322,Pending
ORD01428,barbara145@example.com,west,08/10/2026,624,417,Pending
ORD01429,alan266@example.com,South,12/10/2026,2152,1521,Pending
ORD01430,grace209@example.com,,2026-10-13,1507,1189,Paid
ORD01431,grace359@example.com,South,2026-10-05,2980,2072,Refunded
ORD01432,grace202@example.com,,2026-10-07,800,704,Paid
ORD01433,dennis163@example.com,West,2026-10-26,1725,1452,Pending
ORD01434,linus306@example.com,north,2026-10-05,792,491,Refunded
ORD01435,ada252@example.com,East,2026-10-12,1117,823,Paid
ORD01436,margaret137@example.com,,2026-10-27,183,128,Paid
ORD01437,alan356@example.com,East,2026-10-08,2909,1755,Paid
ORD01438,radia396@example.com,south,06/10/2026,1958,1413,Paid
ORD01439,grace284@example.com,,05/10/2026,1144,959,Paid
ORD01440,linus333@example.com,,2026-10-07,331,265,Pending
ORD01441,radia33@example.com,south,2026-10-03,2027,1669,Pending
ORD01442,tim77@example.com,north,2026-10-28,1350,1038,Paid
ORD01443,linus52@example.com,West,2026-10-08,402,297,Refunded
ORD01444,grace350@example.com,north,2026-10-13,2016,1657,Pending
ORD01445,grace74@example.com,east,2026-10-21,2636,1930,Paid
ORD01446,ken65@example.com,West,2026-10-23,205,137,Paid
ORD01447,radia2@example.com,,2026-10-27,2907,2274,Pending
ORD01448,ada85@example.com,east,2026-10-04,2049,1352,Refunded
ORD01449,grace258@example.com,North,17/10/2026,2216,1802,Paid
ORD01450,margaret51@example.com,,17/10/2026,2495,2122,Paid
ORD01451,linus183@example.com,North,2026-10-05,2142,1755,Refunded
ORD01452,linus3@example.com,west,2026-10-21,548,345,Paid
ORD01453,ada272@example.com,West,2026-10-10,2350,1681,Paid
ORD01454,alan231@example.com,,2026-10-23,2805,2497,Pending
ORD01455,dennis285@example.com,west,2026-10-26,1598,1091,Pending
ORD01456,barbara286@example.com,,2026-10-24,2252,1393,Paid
ORD01457,barbara322@example.com,south,2026-10-27,2100,1467,Refunded
ORD01458,alan124@example.com,west,2026-10-10,794,704,Pending
ORD01702,tim156@example.com,East,2026-10-12,140,120,Paid
ORD01459,grace54@example.com,west,2026-10-06,2922,2628,Paid
ORD01460,ken179@example.com,East,2026-10-18,1205,968,Paid
ORD01461,linus273@example.com,East,2026-10-15,1850,1449,Pending
ORD01462,linus62@example.com,north,2026-10-11,2591,2202,Pending
ORD01463,linus129@example.com,West,2026-10-23,2647,2344,Paid
ORD01464,tim348@example.com,East,2026-10-07,329,223,Refunded
ORD01465,linus28@example.com,south,2026-10-20,2246,1462,Paid
ORD01466,radia381@example.com,West,2026-10-13,146,102,Paid
ORD01467,ada394@example.com,East,20/10/2026,1315,814,Paid
ORD01468,radia207@example.com,,2026-10-14,1235,1018,Paid
ORD01469,margaret88@example.com,North,2026-10-09,446,359,Pending
ORD01470,barbara80@example.com,South,2026-10-23,196,147,Pending
ORD01471,radia297@example.com,,2026-10-05,2163,1307,Pending
ORD01472,alan307@example.com,South,2026-10-08,606,453,Pending
ORD01473,margaret104@example.com,west,2026-10-09,2678,2154,Paid
ORD01474,ken121@example.com,,2026-10-21,2019,1737,Pending
ORD01475,ken235@example.com,north,2026-10-11,1290,996,Refunded
ORD01476,tim321@example.com,North,2026-10-02,203,173,Paid
ORD01477,radia241@example.com,North,2026-10-11,2157,1623,Paid
ORD01478,radia75@example.com,south,15/10/2026,1563,1002,Pending
ORD01479,tim321@example.com,,2026-10-05,879,717,Refunded
ORD01480,grace348@example.com,south,2026-10-09,2217,1541,Paid
ORD01481,radia22@example.com,,14/10/2026,2705,2039,Paid
ORD01482,grace239@example.com,North,08/10/2026,1921,1536,Pending
ORD01483,ada243@example.com,,2026-10-27,831,568,Paid
ORD01484,barbara330@example.com,South,2026-10-17,2953,2413,Paid
ORD01485,linus66@example.com,North,2026-10-24,164,146,Paid
ORD01486,barbara201@example.com,south,2026-10-24,2101,1701,Paid
ORD01487,dennis6@example.com,south,12/10/2026,1284,1056,Paid
ORD01488,tim257@example.com,North,2026-10-08,335,275,Refunded
ORD01489,tim311@example.com,,27/10/2026,2075,1799,Pending
ORD01220,alan85@example.com,east,2026-10-04,1277,876,Paid
ORD01490,alan113@example.com,East,2026-10-17,627,382,Paid
ORD01491,dennis375@example.com,south,2026-10-12,2395,1970,Paid
ORD01492,dennis244@example.com,south,2026-10-05,298,201,Paid
ORD01493,linus339@example.com,south,18/10/2026,324,244,Pending
ORD01494,dennis367@example.com,East,2026-10-17,2905,1944,Paid
ORD01495,alan128@example.com,West,2026-10-07,2431,1839,Paid
ORD01496,linus275@example.com,North,2026-10-11,1768,1485,Pending
ORD01497,radia148@example.com,East,07/10/2026,2283,1929,Refunded
ORD01498,margaret87@example.com,South,2026-10-28,1756,1393,Paid
ORD01499,dennis269@example.com,,2026-10-23,480,298,Paid
ORD01500,barbara179@example.com,south,2026-10-06,581,471,Pending
ORD01501,ken374@example.com,East,2026-10-26,2775,2210,Refunded
ORD01502,grace41@example.com,,2026-10-24,2917,2068,Refunded
ORD01503,grace8@example.com,West,20/10/2026,156,127,Paid
ORD01504,ada185@example.com,West,2026-10-19,1647,1084,Paid
ORD01505,barbara111@example.com,,19/10/2026,1801,1497,Refunded
ORD01506,radia108@example.com,,07/10/2026,2358,1644,Paid
ORD01507,alan377@example.com,South,2026-10-04,420,317,Paid
ORD01508,barbara364@example.com,East,2026-10-17,2499,1738,Paid
ORD01509,margaret234@example.com,East,2026-10-10,2977,2370,Refunded
ORD01510,tim253@example.com,,2026-10-17,833,559,Paid
ORD01511,linus206@example.com,west,2026-10-17,211,180,Paid
ORD01512,margaret310@example.com,,2026-10-16,2742,1963,Paid
ORD01513,tim384@example.com,East,2026-10-25,1770,1466,Pending
ORD01514,tim112@example.com,,2026-10-19,197,131,Refunded
ORD01515,grace248@example.com,West,10/10/2026,2935,2610,Paid
ORD01516,ken388@example.com,west,2026-10-26,497,310,Paid
ORD01517,dennis179@example.com,South,2026-10-12,2491,1910,Paid
ORD01518,margaret355@example.com,,2026-10-26,1578,1356,Paid
ORD01519,linus47@example.com,,2026-10-21,2939,2549,Refunded
ORD01520,alan371@example.com,South,2026-10-12,1061,746,Refunded
ORD01521,radia175@example.com,west,2026-10-12,2040,1649,Refunded
ORD01522,ada282@example.com,South,2026-10-18,1101,990,Paid
ORD01523,tim228@example.com,,2026-10-01,2009,1719,Paid
ORD01524,radia2@example.com,East,20/10/2026,2217,1655,Refunded
ORD01525,ken206@example.com,,2026-10-16,2919,2530,Paid
ORD01526,tim115@example.com,South,2026-10-06,336,257,Refunded
ORD01527,ken327@example.com,east,2026-10-09,2659,1787,Pending
ORD01528,margaret356@example.com,south,2026-10-15,2118,1850,Refunded
ORD01529,linus118@example.com,North,2026-10-09,148,91,Pending
ORD01530,dennis335@example.com,south,2026-10-02,1199,915,Paid
ORD01531,dennis87@example.com,west,2026-10-10,1732,1185,Paid
ORD01532,alan150@example.com,North,2026-10-25,1143,958,Paid
ORD01533,dennis10@example.com,,2026-10-03,1925,1662,Paid
ORD01534,grace240@example.com,south,2026-10-25,2741,1672,Paid
ORD01535,linus396@example.com,South,2026-10-26,1507,1160,Refunded
ORD01536,ken318@example.com,east,2026-10-19,1018,762,Paid
ORD01537,tim396@example.com,south,06/10/2026,1719,1043,Paid
ORD01538,margaret272@example.com,North,16/10/2026,824,708,Paid
ORD01539,ken239@example.com,East,2026-10-27,1413,1192,Pending
ORD01540,linus309@example.com,,2026-10-26,1637,1332,Paid
ORD01541,ken282@example.com,South,2026-10-15,2643,2185,Paid
ORD01542,margaret209@example.com,South,2026-10-21,804,673,Paid
ORD01543,ada211@example.com,West,2026-10-21,1658,1435,Paid
ORD01544,radia376@example.com,South,16/10/2026,1732,1413,Refunded
ORD01545,ada132@example.com,East,12/10/2026,1933,1312,Refunded
ORD01546,tim31@example.com,west,2026-10-12,1290,1060,Paid
ORD01547,tim234@example.com,North,2026-10-16,1740,1314,Pending
ORD01548,ada197@example.com,West,2026-10-18,694,521,Refunded
ORD01549,margaret374@example.com,North,28/10/2026,681,551,Paid
ORD01550,ken330@example.com,east,2026-10-21,804,600,Refunded
ORD01551,tim250@example.com,West,2026-10-16,1191,870,Pending
ORD01552,barbara279@example.com,,02/10/2026,1874,1631,Pending
ORD01553,grace373@example.com,North,2026-10-03,1987,1705,Pending
ORD01554,linus61@example.com,north,2026-10-09,1360,1033,Pending
ORD01555,barbara155@example.com,West,26/10/2026,2356,1590,Paid
ORD01556,linus188@example.com,East,21/10/2026,227,189,Paid
ORD01557,ada289@example.com,North,2026-10-19,2721,2335,Paid
ORD01558,grace68@example.com,South,03/10/2026,2291,1636,Paid
ORD01559,grace237@example.com,West,2026-10-16,566,415,Paid
ORD01560,ada40@example.com,North,26/10/2026,2954,1991,Pending
ORD01561,grace283@example.com,west,2026-10-06,2128,1488,Paid
ORD01562,margaret206@example.com,West,2026-10-01,657,499,Paid
ORD01563,linus41@example.com,North,02/10/2026,411,364,Pending
ORD01564,margaret106@example.com,west,2026-10-15,2465,1876,Refunded
ORD01565,barbara77@example.com,South,02/10/2026,961,818,Paid
ORD01566,linus305@example.com,North,2026-10-14,1847,1659,Pending
ORD01567,margaret387@example.com,South,2026-10-23,2619,1643,Paid
ORD01568,ada238@example.com,east,2026-10-01,1983,1371,Paid
ORD01569,alan367@example.com,West,2026-10-28,2584,1897,Paid
ORD01570,alan328@example.com,,2026-10-05,2784,2374,Paid
ORD01571,alan295@example.com,,2026-10-22,2911,2605,Pending
ORD01572,alan264@example.com,west,06/10/2026,269,231,Refunded
ORD01573,tim11@example.com,,2026-10-15,544,405,Paid
ORD01574,alan386@example.com,East,2026-10-18,953,638,Paid
ORD01575,barbara18@example.com,,05/10/2026,1370,906,Refunded
ORD01576,alan261@example.com,West,2026-10-03,1895,1643,Pending
ORD01577,ken222@example.com,West,2026-10-09,2173,1875,Paid
ORD01578,margaret274@example.com,East,2026-10-19,1246,930,Paid
ORD01579,grace221@example.com,South,2026-10-07,1105,959,Pending
ORD01580,margaret72@example.com,west,2026-10-03,2672,2010,Paid
ORD01664,grace57@example.com,East,11/10/2026,846,517,Paid
ORD01581,grace146@example.com,North,2026-10-07,1807,1263,Pending
ORD01582,grace29@example.com,South,2026-10-17,1964,1550,Paid
ORD01583,tim348@example.com,North,2026-10-03,2694,1685,Paid
ORD01584,radia367@example.com,North,2026-10-15,1465,1114,Refunded
ORD01585,radia10@example.com,West,06/10/2026,833,631,Refunded
ORD01586,grace309@example.com,South,11/10/2026,564,505,Paid
ORD01587,tim390@example.com,North,2026-10-25,335,235,Paid
ORD01588,alan361@example.com,,2026-10-20,1809,1443,Paid
ORD01589,grace175@example.com,South,2026-10-24,1237,1056,Paid
ORD01590,radia270@example.com,,14/10/2026,836,516,Refunded
ORD01591,tim87@example.com,East,2026-10-06,2328,1812,Pending
ORD01592,margaret293@example.com,North,2026-10-24,579,366,Paid
ORD01593,barbara6@example.com,,2026-10-02,2628,1773,Paid
ORD01594,barbara148@example.com,South,2026-10-13,476,340,Paid
ORD01595,grace360@example.com,north,2026-10-15,2130,1856,Paid
ORD01596,barbara376@example.com,West,2026-10-03,1432,1266,Paid
ORD01597,linus388@example.com,North,2026-10-08,1857,1578,Pending
ORD01598,ken349@example.com,West,2026-10-08,1121,880,Paid
ORD01599,radia211@example.com,,2026-10-27,1402,1016,Pending
ORD01600,grace34@example.com,West,2026-10-07,1538,957,Pending
ORD01601,margaret253@example.com,south,2026-10-06,1947,1608,Pending
ORD01602,dennis125@example.com,,2026-10-03,259,217,Paid
ORD01603,tim315@example.com,west,2026-10-22,1914,1359,Paid
ORD01604,linus39@example.com,east,2026-10-10,230,186,Paid
ORD01605,margaret347@example.com,North,2026-10-14,2583,2177,Paid
ORD01606,tim281@example.com,,2026-10-26,757,511,Paid
ORD01607,alan104@example.com,south,05/10/2026,2928,1900,Pending
ORD01608,ada321@example.com,South,2026-10-25,1374,1111,Paid
ORD01609,grace224@example.com,North,02/10/2026,1721,1296,Paid
ORD01610,margaret156@example.com,east,2026-10-03,512,443,Paid
ORD01611,dennis93@example.com,west,2026-10-09,874,743,Pending
ORD01612,barbara377@example.com,West,2026-10-15,2321,1849,Paid
ORD01613,alan85@example.com,North,2026-10-09,1840,1504,Paid
ORD01614,ada284@example.com,,13/10/2026,1097,916,Paid
ORD01615,grace110@example.com,North,2026-10-17,1942,1171,Refunded
ORD01616,margaret397@example.com,West,2026-10-16,2811,2000,Paid
ORD01617,radia329@example.com,West,09/10/2026,386,284,Paid
ORD01618,radia179@example.com,West,2026-10-14,1607,1304,Paid
ORD01619,ken63@example.com,South,2026-10-02,437,380,Paid
ORD01620,ken182@example.com,,2026-10-22,934,769,Pending
ORD01621,grace233@example.com,East,2026-10-04,1754,1320,Paid
ORD01622,margaret166@example.com,West,2026-10-14,2266,1973,Paid
ORD01623,margaret3@example.com,North,2026-10-09,1550,940,Paid
ORD01624,radia116@example.com,East,26/10/2026,333,262,Paid
ORD01625,barbara88@example.com,north,2026-10-15,174,124,Pending
ORD01626,grace351@example.com,East,2026-10-26,1696,1254,Paid
ORD01627,alan48@example.com,South,2026-10-16,2587,1607,Refunded
ORD01628,linus8@example.com,,2026-10-01,2959,2661,Paid
ORD01629,linus341@example.com,east,2026-10-22,2750,2380,Paid
ORD01630,tim4@example.com,east,2026-10-12,1843,1545,Paid
ORD01631,radia81@example.com,West,11/10/2026,560,490,Refunded
ORD01632,linus170@example.com,east,2026-10-05,857,550,Refunded
ORD01633,dennis218@example.com,,2026-10-23,373,260,Paid
ORD01634,linus73@example.com,east,2026-10-01,1391,963,Paid
ORD01635,grace377@example.com,,2026-10-13,1479,1210,Paid
ORD01636,ada243@example.com,West,2026-10-22,1538,1235,Pending
ORD01637,ken145@example.com,south,2026-10-26,1533,1274,Refunded
ORD01638,tim61@example.com,East,2026-10-17,119,79,Pending
ORD01639,dennis18@example.com,west,16/10/2026,1033,778,Paid
ORD01640,dennis117@example.com,south,2026-10-23,2585,2207,Paid
ORD01641,margaret153@example.com,North,2026-10-02,2344,1598,Paid
ORD01642,grace382@example.com,West,2026-10-09,1764,1103,Paid
ORD01643,margaret169@example.com,east,27/10/2026,1748,1490,Refunded
ORD01644,dennis388@example.com,West,2026-10-28,1318,1113,Pending
ORD01645,tim41@example.com,North,2026-10-16,1135,962,Paid
ORD01646,linus87@example.com,West,2026-10-19,2728,2171,Refunded
ORD01647,margaret323@example.com,North,2026-10-21,378,314,Refunded
ORD01648,margaret325@example.com,West,2026-10-22,914,658,Paid
ORD01649,dennis78@example.com,,2026-10-12,1686,1356,Refunded
ORD01650,dennis33@example.com,,2026-10-01,1635,1171,Paid
ORD01651,dennis368@example.com,South,09/10/2026,2279,1464,Paid
ORD01652,alan234@example.com,East,28/10/2026,2247,1875,Pending
ORD01653,tim256@example.com,,2026-10-16,2503,2167,Paid
ORD01654,barbara43@example.com,South,2026-10-20,174,150,Paid
ORD01655,barbara132@example.com,south,2026-10-14,1536,1340,Paid
ORD01656,grace181@example.com,,2026-10-19,407,330,Paid
ORD01657,radia81@example.com,,2026-10-26,1707,1122,Pending
ORD01658,tim252@example.com,North,2026-10-09,1059,646,Paid
ORD01659,grace188@example.com,North,2026-10-27,2778,2178,Refunded
ORD01660,barbara82@example.com,North,2026-10-04,2650,1969,Paid
ORD01661,barbara83@example.com,West,2026-10-12,2637,1933,Paid
ORD01662,grace169@example.com,west,09/10/2026,273,165,Paid
ORD01663,alan398@example.com,North,2026-10-23,340,301,Refunded
ORD01664,grace57@example.com,East,11/10/2026,846,517,Paid
ORD01665,radia181@example.com,south,2026-10-19,2262,1532,Paid
ORD01666,tim274@example.com,South,2026-10-28,2395,1803,Paid
ORD01667,radia340@example.com,north,2026-10-21,2193,1484,Paid
ORD01668,ada283@example.com,South,22/10/2026,1450,1086,Refunded
ORD01181,radia235@example.com,West,2026-10-20,1192,968,Paid
ORD01669,alan300@example.com,East,15/10/2026,2386,1857,Refunded
ORD01670,dennis136@example.com,East,2026-10-17,2643,1665,Pending
ORD01671,ken60@example.com,East,2026-10-21,1443,1099,Paid
ORD01672,radia346@example.com,south,2026-10-19,1912,1233,Paid
ORD01673,radia305@example.com,west,2026-10-10,1914,1263,Paid
ORD01674,ken214@example.com,east,2026-10-05,1422,1029,Pending
ORD01675,alan194@example.com,east,2026-10-02,446,280,Pending
ORD01676,alan171@example.com,East,12/10/2026,1522,950,Paid
ORD01677,alan115@example.com,,2026-10-17,1653,1481,Paid
ORD01678,alan121@example.com,,2026-10-15,121,102,Pending
ORD01679,grace183@example.com,North,2026-10-12,306,191,Pending
ORD01680,linus172@example.com,North,2026-10-25,1020,860,Paid
ORD01681,ken263@example.com,West,2026-10-13,1093,772,Pending
ORD01682,margaret67@example.com,North,2026-10-07,2926,2018,Refunded
ORD01683,linus86@example.com,North,01/10/2026,1635,983,Paid
ORD01684,radia176@example.com,South,2026-10-21,1008,852,Paid
ORD01685,margaret200@example.com,North,2026-10-27,2708,2207,Paid
ORD01686,linus357@example.com,west,05/10/2026,2861,1775,Paid
ORD01687,ada322@example.com,East,2026-10-19,831,723,Paid
ORD01688,grace134@example.com,North,27/10/2026,2863,1995,Paid
ORD01689,dennis218@example.com,South,2026-10-07,2027,1761,Pending
ORD01690,grace105@example.com,West,2026-10-04,1665,1079,Paid
ORD01691,dennis232@example.com,East,2026-10-07,2196,1627,Pending
ORD01692,tim334@example.com,West,2026-10-27,1949,1510,Paid
ORD01693,ken90@example.com,West,2026-10-12,2915,2396,Paid
ORD01694,alan146@example.com,South,2026-10-22,1276,1135,Paid
ORD01695,grace340@example.com,East,2026-10-08,198,146,Paid
ORD01696,dennis271@example.com,North,2026-10-06,2343,1891,Pending
ORD01697,ada136@example.com,West,2026-10-20,1110,891,Paid
ORD01698,ken373@example.com,,07/10/2026,2479,1838,Paid
ORD01699,alan203@example.com,,2026-10-26,2382,1444,Paid
ORD01700,margaret270@example.com,West,16/10/2026,2693,2334,Paid
ORD01701,dennis205@example.com,West,14/10/2026,779,645,Pending
ORD01702,tim156@example.com,East,2026-10-12,140,120,Paid
ORD01703,linus171@example.com,,2026-10-21,2343,1446,Paid
ORD01704,grace306@example.com,South,2026-10-11,337,258,Pending
ORD01705,linus192@example.com,south,11/10/2026,723,495,Refunded
ORD01706,margaret177@example.com,South,2026-10-02,1801,1553,Pending
ORD01707,ada150@example.com,South,2026-10-23,1309,848,Paid
ORD01708,grace4@example.com,south,2026-10-28,747,467,Paid
ORD01709,radia84@example.com,South,2026-10-04,2307,1977,Paid
ORD01710,margaret164@example.com,North,20/10/2026,1969,1517,Refunded
ORD01711,dennis52@example.com,,19/10/2026,1286,872,Refunded
ORD01712,grace58@example.com,North,2026-10-22,698,478,Paid
ORD01713,linus0@example.com,North,06/10/2026,2219,1767,Pending
ORD01714,tim368@example.com,,21/10/2026,1678,1339,Paid
ORD01715,ada303@example.com,west,2026-10-20,1301,1068,Paid
ORD01716,dennis3@example.com,West,25/10/2026,2579,2065,Paid
ORD01717,ken337@example.com,North,2026-10-20,120,107,Pending
ORD01718,margaret199@example.com,north,2026-10-14,2156,1877,Pending
ORD01719,linus26@example.com,South,2026-10-20,514,442,Paid
ORD01720,alan76@example.com,,2026-10-25,1956,1725,Pending
ORD01721,ada380@example.com,South,2026-10-16,2650,2353,Refunded
ORD01722,grace385@example.com,,19/10/2026,2653,1594,Pending
ORD01723,linus194@example.com,south,2026-10-02,1939,1563,Paid
ORD01724,radia396@example.com,east,2026-10-18,1329,955,Paid
ORD01725,ada7@example.com,,18/10/2026,2159,1747,Paid
ORD01726,linus377@example.com,East,2026-10-21,1714,1269,Refunded
ORD01727,alan173@example.com,West,2026-10-01,2728,1978,Paid
ORD01728,ada99@example.com,South,2026-10-13,1941,1638,Paid
ORD01729,ken103@example.com,West,2026-10-27,2514,1823,Paid
ORD01730,linus211@example.com,South,2026-10-07,2363,1878,Paid
ORD01731,alan85@example.com,east,03/10/2026,1065,940,Paid
ORD01732,margaret374@example.com,South,08/10/2026,1231,996,Paid
ORD01733,radia210@example.com,East,2026-10-23,1200,884,Paid
ORD01734,alan33@example.com,West,2026-10-08,1005,831,Refunded
ORD01735,ada135@example.com,North,2026-10-19,2463,1845,Paid
ORD01736,ken370@example.com,East,10/10/2026,1396,1040,Paid
ORD01737,dennis142@example.com,East,2026-10-20,2229,1670,Paid
ORD01738,dennis72@example.com,,2026-10-27,1885,1278,Refunded
ORD01739,linus299@example.com,west,11/10/2026,1047,735,Paid
ORD01740,linus79@example.com,East,2026-10-21,2439,1684,Paid
ORD01741,ada299@example.com,North,2026-10-10,1109,788,Paid
ORD01742,tim62@example.com,East,2026-10-08,1552,1272,Paid
ORD01743,barbara181@example.com,North,2026-10-22,1211,742,Paid
ORD01744,dennis187@example.com,east,2026-10-04,650,500,Pending
ORD01745,alan201@example.com,West,2026-10-14,2765,2051,Paid
ORD01746,alan238@example.com,East,18/10/2026,2858,1840,Paid
ORD01747,tim72@example.com,South,2026-10-09,593,470,Paid
ORD01748,linus323@example.com,,2026-10-01,2692,1882,Paid
ORD01749,grace90@example.com,south,2026-10-11,106,76,Paid
ORD01750,ada271@example.com,,2026-10-03,282,191,Paid
ORD01751,ken294@example.com,East,2026-10-05,114,91,Paid
ORD01752,dennis358@example.com,West,2026-10-06,568,402,Paid
ORD01753,tim265@example.com,,22/10/2026,615,490,Pending
ORD01754,linus292@example.com,east,2026-10-03,1721,1174,Paid
ORD01755,margaret209@example.com,East,2026-10-02,1040,650,Paid
ORD01756,ada159@example.com,,2026-10-26,890,664,Refunded
ORD01757,radia88@example.com,east,2026-10-09,1462,1281,Pending
ORD01758,barbara236@example.com,West,2026-10-09,2419,1596,Paid
ORD01759,ken67@example.com,North,2026-10-21,1628,1078,Paid
ORD01760,grace325@example.com,,2026-10-22,1634,1125,Pending
ORD01761,tim305@example.com,East,2026-10-14,675,583,Paid
ORD01762,ken225@example.com,,2026-10-16,1851,1135,Paid
ORD01763,grace169@example.com,south,2026-10-21,854,562,Refunded
ORD01764,linus365@example.com,South,2026-10-19,1538,1255,Refunded
ORD01765,grace301@example.com,South,2026-10-18,2208,1804,Refunded
ORD01766,linus378@example.com,north,2026-10-01,2345,1927,Pending
ORD01767,tim51@example.com,,2026-10-14,2913,2461,Paid
ORD01768,ken335@example.com,North,2026-10-08,1240,1083,Pending
ORD01769,grace180@example.com,,2026-10-01,1695,1027,Paid
ORD01770,dennis364@example.com,south,2026-10-13,2956,1894,Refunded
ORD01771,tim350@example.com,North,2026-10-17,2263,1741,Refunded
ORD01772,radia136@example.com,,21/10/2026,2352,1697,Pending
ORD01773,alan159@example.com,South,18/10/2026,1514,1198,Refunded
ORD01774,ada244@example.com,west,22/10/2026,1614,1413,Paid
ORD01775,alan99@example.com,West,2026-10-21,2267,1648,Paid
ORD01959,ken362@example.com,,2026-10-08,2023,1322,Paid
ORD01776,margaret6@example.com,,2026-10-20,2240,1416,Paid
ORD01777,grace103@example.com,south,09/10/2026,107,87,Paid
ORD01778,grace277@example.com,North,05/10/2026,2921,2295,Paid
ORD01779,radia336@example.com,east,18/10/2026,1834,1547,Paid
ORD01780,radia79@example.com,East,2026-10-01,2677,1868,Paid
ORD01781,alan114@example.com,south,2026-10-03,198,134,Refunded
ORD01782,ken327@example.com,South,2026-10-10,1286,789,Paid
ORD01783,ada287@example.com,,22/10/2026,2810,1962,Pending
ORD01784,margaret38@example.com,east,2026-10-09,701,565,Paid
ORD01785,dennis112@example.com,north,2026-10-28,1108,857,Pending
ORD01786,ada358@example.com,North,2026-10-15,2701,1782,Paid
ORD01890,grace332@example.com,west,2026-10-06,1980,1274,Refunded
ORD01787,ken78@example.com,north,2026-10-13,1002,854,Paid
ORD01788,alan219@example.com,East,19/10/2026,2927,1960,Paid
ORD01789,radia327@example.com,east,06/10/2026,947,603,Refunded
ORD01790,tim71@example.com,West,2026-10-03,1960,1204,Refunded
ORD01791,ada138@example.com,,26/10/2026,1463,992,Refunded
ORD01792,dennis138@example.com,North,2026-10-09,1428,926,Paid
ORD01793,tim21@example.com,East,2026-10-12,743,450,Paid
ORD01794,dennis317@example.com,,2026-10-16,1587,1079,Paid
ORD01795,linus250@example.com,south,2026-10-06,1287,842,Refunded
ORD01796,ken279@example.com,South,2026-10-09,931,634,Paid
ORD01797,barbara84@example.com,,07/10/2026,930,706,Paid
ORD01798,tim147@example.com,South,13/10/2026,2804,1705,Paid
ORD01799,radia149@example.com,south,2026-10-02,369,269,Paid
ORD01800,radia214@example.com,North,2026-10-08,434,327,Paid
ORD01801,alan121@example.com,,2026-10-26,2615,2075,Paid
ORD01802,barbara344@example.com,South,2026-10-28,800,636,Refunded
ORD01803,ken74@example.com,north,16/10/2026,718,543,Paid
ORD01804,dennis234@example.com,north,23/10/2026,807,522,Pending
ORD01805,margaret337@example.com,,2026-10-24,792,489,Refunded
ORD01806,tim399@example.com,South,2026-10-17,2727,1981,Paid
ORD01807,barbara6@example.com,,01/10/2026,1716,1147,Paid
ORD01808,ada142@example.com,North,11/10/2026,1274,1096,Refunded
ORD01809,ada199@example.com,North,2026-10-08,1865,1388,Paid
ORD01810,dennis14@example.com,East,2026-10-28,1261,968,Paid
ORD01811,ken2@example.com,North,02/10/2026,1072,672,Pending
ORD01812,barbara161@example.com,North,2026-10-17,2537,2161,Pending
ORD01813,dennis93@example.com,South,2026-10-13,1191,822,Pending
ORD01814,ken184@example.com,North,16/10/2026,1505,1309,Refunded
ORD01815,margaret183@example.com,South,2026-10-10,750,514,Pending
ORD01816,dennis40@example.com,west,10/10/2026,2742,1768,Paid
ORD01817,dennis181@example.com,south,2026-10-02,2766,1794,Pending
ORD01818,ada106@example.com,north,15/10/2026,545,399,Refunded
ORD01819,ken105@example.com,North,2026-10-24,1773,1326,Paid
ORD01820,linus329@example.com,,14/10/2026,1240,764,Paid
ORD01821,grace67@example.com,West,2026-10-17,368,304,Paid
ORD01822,tim155@example.com,South,2026-10-01,133,103,Pending
ORD01823,radia73@example.com,west,03/10/2026,1377,930,Pending
ORD01824,alan133@example.com,,23/10/2026,1806,1396,Pending
ORD01825,ken171@example.com,,23/10/2026,1706,1168,Paid
ORD01826,ken14@example.com,east,2026-10-14,227,200,Pending
ORD01827,ada193@example.com,North,2026-10-24,647,397,Paid
ORD01828,grace302@example.com,,2026-10-22,2468,1788,Paid
ORD01829,margaret326@example.com,South,2026-10-27,337,218,Refunded
ORD01444,grace350@example.com,north,2026-10-13,2016,1657,Pending
ORD01830,alan286@example.com,East,2026-10-12,1120,868,Paid
ORD01831,barbara301@example.com,,08/10/2026,505,303,Paid
ORD01122,barbara221@example.com,,2026-10-20,963,664,Paid
ORD01832,margaret177@example.com,South,2026-10-17,986,662,Paid
ORD01833,ken55@example.com,South,2026-10-14,231,162,Pending
ORD01834,margaret133@example.com,West,19/10/2026,1774,1582,Paid
ORD01835,linus245@example.com,north,2026-10-27,2342,1612,Paid
ORD01836,margaret199@example.com,East,2026-10-14,1567,1268,Paid
ORD01837,grace169@example.com,,26/10/2026,1628,1205,Paid
ORD01838,tim358@example.com,east,2026-10-09,969,591,Refunded
ORD01839,dennis363@example.com,east,2026-10-28,634,393,Pending
ORD01840,ken399@example.com,South,2026-10-06,2977,2232,Refunded
ORD01841,linus251@example.com,South,2026-10-07,1060,880,Paid
ORD01842,dennis39@example.com,West,2026-10-25,657,444,Paid
ORD01843,ada196@example.com,,2026-10-22,2287,1475,Paid
ORD01844,tim398@example.com,West,2026-10-22,1262,853,Paid
ORD01845,dennis108@example.com,,2026-10-06,868,764,Refunded
ORD01846,tim263@example.com,west,2026-10-23,1892,1443,Paid
ORD01847,margaret89@example.com,,2026-10-23,2892,1956,Paid
ORD01848,margaret57@example.com,,2026-10-26,656,395,Paid
ORD01849,ken119@example.com,East,2026-10-13,2764,2318,Paid
ORD01850,margaret119@example.com,North,26/10/2026,2080,1455,Paid
ORD01851,linus391@example.com,,15/10/2026,630,436,Pending
ORD01852,alan189@example.com,,28/10/2026,1482,976,Paid
ORD01853,alan344@example.com,South,2026-10-17,1816,1319,Paid
ORD01854,dennis342@example.com,west,2026-10-22,2163,1316,Paid
ORD01855,radia206@example.com,,2026-10-03,1663,1235,Pending
ORD01856,linus18@example.com,East,15/10/2026,2877,2393,Pending
ORD01857,ken249@example.com,East,2026-10-08,1420,1159,Paid
ORD01858,dennis61@example.com,east,2026-10-17,861,606,Paid
ORD01859,alan177@example.com,East,06/10/2026,1871,1332,Paid
ORD01860,ada248@example.com,west,2026-10-04,558,386,Refunded
ORD01861,tim155@example.com,,2026-10-12,622,465,Refunded
ORD01862,dennis329@example.com,South,2026-10-08,1783,1419,Pending
ORD01863,radia322@example.com,west,2026-10-05,199,159,Paid
ORD01864,ken257@example.com,West,14/10/2026,680,609,Paid
ORD01865,ken147@example.com,South,23/10/2026,2331,1423,Paid
ORD01866,barbara259@example.com,east,2026-10-07,2507,1776,Refunded
ORD01867,alan197@example.com,North,2026-10-24,2085,1723,Refunded
ORD01868,linus371@example.com,West,2026-10-05,696,590,Paid
ORD01869,grace0@example.com,East,2026-10-07,1582,1143,Paid
ORD01870,radia337@example.com,East,2026-10-11,2682,1834,Paid
ORD01871,margaret391@example.com,South,2026-10-01,2210,1446,Paid
ORD01872,tim155@example.com,South,2026-10-08,727,649,Pending
ORD01873,barbara325@example.com,East,2026-10-03,1398,1002,Refunded
ORD01874,alan6@example.com,South,24/10/2026,2321,1462,Paid
ORD01875,ada80@example.com,east,2026-10-27,1630,1466,Paid
ORD01876,linus11@example.com,South,2026-10-09,2564,1747,Paid
ORD01877,radia204@example.com,,2026-10-19,2933,2457,Paid
ORD01878,linus275@example.com,,2026-10-01,2768,1991,Paid
ORD01879,linus184@example.com,East,2026-10-27,819,663,Paid
ORD01880,ada38@example.com,,2026-10-23,2460,1517,Pending
ORD01881,barbara250@example.com,south,2026-10-24,571,421,Refunded
ORD01882,tim334@example.com,East,2026-10-26,275,198,Paid
ORD01883,alan19@example.com,east,2026-10-13,544,417,Paid
ORD01884,alan372@example.com,north,2026-10-24,243,176,Refunded
ORD01885,alan317@example.com,West,2026-10-05,248,213,Paid
ORD01886,margaret183@example.com,west,2026-10-27,653,485,Paid
ORD01887,grace0@example.com,,2026-10-23,2125,1308,Paid
ORD01888,ada170@example.com,west,2026-10-18,2382,1655,Paid
ORD01889,margaret266@example.com,,2026-10-13,1728,1103,Pending
ORD01890,grace332@example.com,west,2026-10-06,1980,1274,Refunded
ORD01891,tim10@example.com,North,2026-10-03,721,642,Pending
ORD01892,linus292@example.com,North,2026-10-08,1101,674,Paid
ORD01893,radia139@example.com,,2026-10-20,2009,1500,Paid
ORD01894,ada59@example.com,East,2026-10-24,909,690,Paid
ORD01895,alan127@example.com,North,2026-10-21,1383,1018,Refunded
ORD01896,alan125@example.com,East,18/10/2026,255,166,Paid
ORD01897,tim194@example.com,,2026-10-04,1512,1210,Paid
ORD01898,grace161@example.com,North,2026-10-08,2874,1917,Paid
ORD01899,linus211@example.com,,2026-10-01,2766,2380,Paid
ORD01900,ken327@example.com,North,2026-10-11,2610,2015,Pending
ORD01901,dennis145@example.com,South,2026-10-05,1550,1034,Paid
ORD01902,tim137@example.com,East,2026-10-20,2432,1827,Refunded
ORD01903,tim349@example.com,South,2026-10-28,1585,977,Paid
ORD01904,tim142@example.com,North,2026-10-13,1789,1239,Paid
ORD01905,tim246@example.com,East,19/10/2026,318,204,Paid
ORD01906,ada83@example.com,West,2026-10-28,2129,1819,Refunded
ORD01907,radia174@example.com,,2026-10-08,588,421,Paid
ORD01908,grace224@example.com,,11/10/2026,2969,2606,Paid
ORD01909,alan10@example.com,east,2026-10-18,1738,1414,Paid
ORD01910,radia104@example.com,East,16/10/2026,1826,1484,Refunded
ORD01911,dennis202@example.com,North,2026-10-27,2895,2584,Pending
ORD01912,barbara306@example.com,South,2026-10-08,1830,1586,Paid
ORD01913,ada175@example.com,west,2026-10-03,555,432,Refunded
ORD01914,tim54@example.com,,2026-10-22,2619,2201,Paid
ORD01915,tim230@example.com,West,2026-10-27,953,791,Paid
ORD01916,grace353@example.com,west,2026-10-02,1204,831,Paid
ORD01917,ada206@example.com,East,2026-10-13,917,582,Paid
ORD01918,linus395@example.com,South,2026-10-06,1472,1231,Paid
ORD01919,radia301@example.com,east,2026-10-09,1816,1349,Refunded
ORD01920,linus388@example.com,East,05/10/2026,2298,1673,Paid
ORD01921,barbara75@example.com,East,2026-10-15,2660,1629,Paid
ORD01922,barbara191@example.com,,19/10/2026,510,334,Paid
ORD01923,barbara121@example.com,West,22/10/2026,1016,726,Paid
ORD01924,margaret169@example.com,North,2026-10-18,2036,1267,Paid
ORD01925,barbara185@example.com,north,2026-10-02,1173,1014,Paid
ORD01926,ada88@example.com,south,04/10/2026,2979,1899,Paid
ORD01927,ada2@example.com,North,2026-10-17,1847,1577,Pending
ORD01928,tim68@example.com,South,02/10/2026,2454,1613,Paid
ORD01929,margaret142@example.com,West,2026-10-09,1727,1057,Paid
ORD01930,grace125@example.com,north,2026-10-22,2058,1412,Pending
ORD01931,tim7@example.com,,2026-10-09,2549,2069,Paid
ORD01932,radia79@example.com,east,2026-10-14,1519,1257,Paid
ORD01933,ken289@example.com,,2026-10-01,287,195,Paid
ORD01934,alan34@example.com,south,2026-10-09,2945,2373,Paid
ORD01935,linus222@example.com,north,04/10/2026,1242,1043,Refunded
ORD01936,alan355@example.com,west,08/10/2026,2242,1846,Paid
ORD01937,linus330@example.com,West,19/10/2026,2283,1830,Pending
ORD01938,ken209@example.com,West,12/10/2026,329,265,Pending
ORD01939,alan88@example.com,,2026-10-12,746,459,Pending
ORD01940,alan343@example.com,East,2026-10-01,132,112,Paid
ORD01941,margaret149@example.com,West,2026-10-22,2043,1568,Paid
ORD01942,dennis305@example.com,,2026-10-05,506,392,Refunded
ORD01943,alan48@example.com,,2026-10-08,1468,1194,Paid
ORD01944,tim221@example.com,West,12/10/2026,2803,2075,Paid
ORD01945,linus112@example.com,West,2026-10-26,2736,1950,Pending
ORD01946,alan151@example.com,south,2026-10-03,1043,760,Paid
ORD01947,ken40@example.com,north,2026-10-13,1191,868,Refunded
ORD01948,radia249@example.com,west,2026-10-25,276,180,Pending
ORD01949,radia315@example.com,South,2026-10-05,2589,1820,Paid
ORD01950,barbara187@example.com,,2026-10-15,1331,837,Refunded
ORD01951,tim138@example.com,North,2026-10-13,1483,1329,Paid
ORD01952,grace34@example.com,South,2026-10-08,2338,2059,Refunded
ORD01953,linus25@example.com,,27/10/2026,579,402,Refunded
ORD01954,linus80@example.com,east,2026-10-27,172,116,Paid
ORD01955,grace227@example.com,,2026-10-15,1497,991,Paid
ORD01956,ken267@example.com,south,05/10/2026,2804,2368,Paid
ORD01957,tim4@example.com,West,2026-10-15,1704,1312,Paid
ORD01958,margaret204@example.com,north,28/10/2026,1847,1580,Paid
ORD01959,ken362@example.com,,2026-10-08,2023,1322,Paid
ORD01960,ada87@example.com,East,2026-10-15,2749,2422,Paid
ORD01961,grace122@example.com,West,2026-10-21,2629,1585,Paid
ORD01962,ada315@example.com,West,19/10/2026,2294,1964,Refunded
ORD01963,margaret146@example.com,East,2026-10-03,645,493,Paid
ORD01964,tim393@example.com,south,2026-10-09,2973,1975,Paid
ORD01965,barbara143@example.com,West,21/10/2026,1981,1224,Refunded
ORD01966,alan140@example.com,South,2026-10-15,1479,1088,Refunded
ORD01967,grace301@example.com,East,2026-10-25,2589,1750,Paid
ORD01968,alan267@example.com,South,2026-10-16,2036,1689,Pending
ORD01969,tim325@example.com,south,2026-10-14,994,678,Refunded
ORD01970,alan269@example.com,West,2026-10-23,813,540,Paid
ORD01971,linus309@example.com,West,2026-10-25,1481,999,Paid
ORD01972,barbara190@example.com,North,2026-10-21,2100,1501,Refunded
ORD01973,margaret247@example.com,east,2026-10-09,1429,1247,Refunded
ORD01974,tim170@example.com,north,2026-10-17,191,120,Paid
ORD01975,alan279@example.com,west,16/10/2026,1842,1244,Paid
ORD01976,tim148@example.com,,2026-10-05,2125,1732,Paid
ORD01977,tim335@example.com,,03/10/2026,256,170,Paid
ORD01978,ada219@example.com,North,2026-10-23,647,425,Pending
ORD01979,linus178@example.com,,2026-10-21,2992,2022,Paid
ORD01980,ken311@example.com,,2026-10-21,1158,899,Paid
ORD01981,linus197@example.com,South,2026-10-03,260,172,Refunded
ORD01982,alan42@example.com,South,2026-10-22,1294,1152,Paid
ORD01983,tim216@example.com,,2026-10-11,638,439,Pending
ORD01984,alan362@example.com,North,2026-10-22,540,345,Pending
ORD01985,ken177@example.com,North,2026-10-27,2362,2013,Pending
ORD01986,barbara141@example.com,West,2026-10-05,699,577,Paid
ORD01987,tim160@example.com,South,2026-10-01,1395,1007,Paid
ORD01988,linus170@example.com,,2026-10-15,2933,2182,Paid
ORD01989,tim61@example.com,East,13/10/2026,1459,1139,Pending
ORD01990,grace207@example.com,east,2026-10-06,2470,2120,Paid
ORD01991,margaret275@example.com,South,2026-10-08,344,209,Paid
ORD01992,grace199@example.com,north,2026-10-18,404,263,Paid
ORD01993,margaret151@example.com,,2026-10-18,2669,2324,Paid
ORD01994,linus79@example.com,South,06/10/2026,263,168,Paid
ORD01995,barbara199@example.com,West,2026-10-03,944,822,Refunded
ORD01996,ken177@example.com,South,27/10/2026,437,324,Paid
ORD01997,radia194@example.com,North,12/10/2026,2307,1942,Paid
ORD01998,grace312@example.com,,2026-10-04,2239,1813,Paid
ORD01999,radia26@example.com,South,15/10/2026,2293,1931,Pending
